id,date,title,project,partner,type,allDay,keepCount,notes
2.0,Sun Mar 01 2026 17:05:00 GMT+0000 (UTC+00:00),PME,hard,0,1
5.0,Sat Mar 14 2026 12:00:00 GMT+0000 (UTC+00:00),BROUILLON D’UN RÊVE - DOCUMENTAIRE (APPLY BEFORE DEADLINE 9 AVRIL),THE MOUNTAIN OF PATIENCE,soft,1,0
6.0,Thu Apr 09 2026 12:00:00 GMT+0100 (UTC+01:00),BROUILLON D’UN RÊVE - DOCUMENTAIRE,THE MOUNTAIN OF PATIENCE,hard,1,0
9.0,Mon Apr 13 2026 12:00:00 GMT+0100 (UTC+01:00),STORYHOUSE - TRIP TO BEIRUT,THE MOUNTAIN OF PATIENCE,STORYHOUSE,hard,1,0
10.0,Mon Mar 30 2026 12:00:00 GMT+0100 (UTC+01:00),ONEDRIVE TO WIPE OUT ALL YOUR DATA,,,soft,1,0
11.0,Wed Apr 01 2026 12:00:00 GMT+0100 (UTC+01:00),RENEW MOROCCAN PASSPORT,,,soft,1,0
12.0,Fri Apr 03 2026 12:00:00 GMT+0100 (UTC+01:00),DOCUMENTARY PROPOSAL | AJD | FOR LINDA QIBAA,,,soft,1,0
13.0,Fri Apr 10 2026 12:00:00 GMT+0100 (UTC+01:00),MNA IS FINALLY ACTIVE!!,soft,1,0
14.0,Thu Apr 30 2026 12:00:00 GMT+0100 (UTC+01:00),FESPACO (2027) APPLICATION,WATER FOR THE BIRDS,soft,1,0
15.0,Sun May 03 2026 12:00:00 GMT+0100 (UTC+01:00),CARAVANE TIGHMERT - ABD / INVITATION,soft,1,0
16.0,Thu Oct 15 2026 12:00:00 GMT+0100 (UTC+01:00),CARAVANE TIGHMERT,,soft,1,0
17.0,Fri Aug 14 2026 12:00:00 GMT+0100 (UTC+01:00),RED SEA FEATURE FILM PROGRAM (14TH OF AUGUST - 20TH OF SEPTEMBER),THE GREEN CAFTAN,hard,1,0
18.0,Fri Mar 20 2026 12:00:00 GMT+0000 (UTC+00:00),FIGURE GYM LIFE CHANGE / EID,HEALTH MAINTENANCE,soft,1,0
,,,,,,
,,,,,,
,,,,,,,
,,,,,,
