title,year,status,type,director
THE MOUNTAIN OF PATIENCE,2028.0,dev,Feature Film,
WATER FOR THE BIRDS,2026.0,distribution,Feature Film,TBD
THE GREEN CAFTAN,2029.0,dev,Feature Film,TBD
FREELANCE WORK,0.0,personal,Feature Film,
ZORA CHOCOLATE,0.0,,,
ZORA CHOCOLATE,0.0,,,
ZORACHOCOLATE,0.0,personal,,
CREATIVE PRODUCER,0.0,personal,personal
"HALFA, THE LOST PARADISE",0.0,distribution,Short Documentary
NAIMA'S MOVIE (2022),0.0,delivery,Short Fiction
PIĀNKY PICTURES,0.0,personal,personal
HEALTH MAINTENANCE,0.0,personal,personal
PERSONAL RELATIONSHIPS,0.0,personal,personal
ARABIC CALLIGRAPHY FRAMES,0.0,personal,
DJS: PHOTOGRAPHING THE SOUL,0.0,dev,Short Documentary
NAIMA'S MOVIE',0.0,delivery,Short Fiction
