id,name,project,person,partner,priority,due,done,blocked,blockedBy,order,notes,createdAt,completedAt,doneDate,subtasks
6.0,READ UK/MOROCCO SHORT FILM,CREATIVE PRODUCER,2.0,Wed Mar 04 2026 00:00:00 GMT+0000 (UTC+00:00),0,0,0.0,,2026-03-04T11:02:38.432Z,,,"[{""id"":8,""name"":""REPLY ABOUT AVAILABILITY"",""completed"":true}]"
9.0,EXPLORE IF 15MIN VERSION IS DOABLE,WATER FOR THE BIRDS,1.0,Wed Mar 04 2026 00:00:00 GMT+0000 (UTC+00:00),0,0,1.0,2026-03-04T11:04:16.916Z,"[{""id"":10,""name"":""PARSE FOOTAGE (PRORES + MUSIC) INTO PREMIERE TIMELINE"",""completed"":false},{""id"":11,""name"":""SEE WHAT YOU CAN IMPROVE"",""completed"":false},{""id"":12,""name"":""DELIVER TO SEE DIFFERENCE"",""completed"":false}]"
17.0,PHASE 0 - BACK TO BUSINESS - DATA GATHERING,THE MOUNTAIN OF PATIENCE,1.0,Wed Mar 04 2026 00:00:00 GMT+0000 (UTC+00:00),0,0,2.0,,2026-03-04T11:19:21.348Z,"[{""id"":18,""name"":""TRANSCRIBE TALAL AFIFI’S VOICE NOTE"",""completed"":false},{""id"":19,""name"":""TRANSCRIBE NABIL’S VOICE NOTE"",""completed"":false},{""id"":20,""name"":""TRANSCRIBE  MAHDI BEKKARI’S VOICE NOTE"",""completed"":false},{""id"":21,""name"":""RECORDED CALL W/ ABDELMONEÁM"",""completed"":false},{""id"":22,""name"":""RECORDED CALL W/ ABDALLAH"",""completed"":false},{""id"":23,""name"":""RECORDED CALL W/ GHANJARI"",""completed"":false},{""id"":24,""name"":""RECORDED CALL W/ 3AMMATY ASMAE"",""completed"":false},{""id"":25,""name"":""RECORDED CALL W/ 3AMMATY HELETY"",""completed"":false},{""id"":26,""name"":""RECORDED CALL W/ SALAH SHIRAZAD"",""completed"":false},{""id"":27,""name"":""RECORDED CALL W/ BEHERY (CALLIGRAPHY CONSULTATION)"",""completed"":false},{""id"":43,""name"":""GET UNSTUCK W/ MOHAMMED BELFQIH"",""completed"":false}]"
5.0,WATCH & EVALUATE ALL ZORA VIDEOS,ZORACHOCOLATE,2.0,Wed Mar 04 2026 00:00:00 GMT+0000 (UTC+00:00),0,0,3.0,Think PIĀNKY PICTURES + VALUE,2026-03-04T11:01:50.853Z,"[{""id"":7,""name"":""SAVE VIDEOS IN ONE SAFE STORAGE SPACE"",""completed"":false}]"
28.0,PHASE 1 - ORGANIZE FOOTAGE + PROPER TRAILER,THE MOUNTAIN OF PATIENCE,4.0,Wed Mar 04 2026 00:00:00 GMT+0000 (UTC+00:00),0,0,4.0,2026-03-04T11:28:48.249Z,,,"[{""id"":29,""name"":""CALL W/ LAMA ABOUT HER PROCESS SORTING THE FOOTAGE"",""completed"":false},{""id"":38,""name"":""MAKE A PROPER TRAILER"",""completed"":false},{""id"":46,""name"":""SELL BMPCC6K TO BUY FS7"",""completed"":false}]"
37.0,PHASE II  (THE MOUNTAIN OF PATIENCE),THE MOUNTAIN OF PATIENCE,5.0,Wed Mar 04 2026 00:00:00 GMT+0000 (UTC+00:00),0,1,SAMI,5.0,2026-03-04T11:47:56.607Z,"[{""id"":39,""name"":""TRAILER READY TO BE SHARED / DATA ORGANIZATION SYSTEM IN PLACE"",""completed"":false},{""id"":40,""name"":""CONTACT ISABELLE FAUVELLE FOR HER CONTACTS"",""completed"":false},{""id"":41,""name"":""CONTACT SAID OUMA FOR HIS CONTACTS"",""completed"":false},{""id"":42,""name"":""CONTACT DORA BOUCHOUCHA FOR HER CONTACTS"",""completed"":false},{""id"":44,""name"":""REGISTER FILM W/ PIĀNKY"",""completed"":false},{""id"":45,""name"":""BE OFFICIALLY ATTACHED W/ A PRODUCER IF NECESSARY"",""completed"":false}]"
75.0,VITAMIN D - INTAKE,HEALTH MAINTENANCE,3.0,Sat Mar 07 2026 00:00:00 GMT+0000 (UTC+00:00),0,0,,6.0,,2026-03-04T13:22:19.199Z,"[{""id"":76,""name"":""STUDY IF IT'S THE RIGHT DECISION"",""completed"":false}]"
64.0,DECORATE ROOM IN CASABLANCA,PERSONAL RELATIONSHIPS,5.0,Wed Mar 04 2026 00:00:00 GMT+0000 (UTC+00:00),0,0,,7.0,2026-03-04T12:40:42.363Z,"[{""id"":65,""name"":""HANG MIRROR"",""completed"":false},{""id"":66,""name"":""HANG BOARD / BUY MARKERS"",""completed"":false},{""id"":67,""name"":""GET UNDERBED SUPPORT"",""completed"":false},{""id"":68,""name"":""PERFECT LIGHT CHANDELIER"",""completed"":false},{""id"":69,""name"":""WALL POSTER SELECTION"",""completed"":false},{""id"":70,""name"":""HANG TUNISIA DECORATION"",""completed"":false},{""id"":90,""name"":""ADD HIND'S ART"",""completed"":false}]"
52.0,PHASE 0 - THE PREPARATION,PIĀNKY PICTURES,4.0,Wed Mar 04 2026 00:00:00 GMT+0000 (UTC+00:00),0,0,,8.0,2026-03-04T12:09:31.521Z,"[{""id"":53,""name"":""RESOLVE AE PROBLEM"",""completed"":false},{""id"":54,""name"":""SAVE MONEY FOR COMPANY COSTS"",""completed"":false},{""id"":55,""name"":""REGISTER SOCIÉTÉ (ONLINE SERVICE?)"",""completed"":false},{""id"":56,""name"":""REGISTER IPS, PREVIOUS FILMS"",""completed"":false},{""id"":57,""name"":""CREATE PIANKY PICTURES GMAIL"",""completed"":false},{""id"":58,""name"":""CREATE A DRAFT LOGO"",""completed"":false},{""id"":59,""name"":""CREATE BUSINESS MANAGEMENT CANVAS — DFI (DURBAN FILM INSTITUTE POD)"",""completed"":false}]"
60.0,CREATE A BEAUTIFUL CALLIGRAPHY FRAME,ARABIC CALLIGRAPHY FRAMES,4.0,Wed Mar 04 2026 00:00:00 GMT+0000 (UTC+00:00),0,0,,9.0,2026-03-04T12:23:09.356Z,,,"[{""id"":61,""name"":""FIND THE PERFECT PAPER (CALL CONTACTS, ETSY, AMAZON, MARKET IN CASA, ART FRIENDS...)"",""completed"":false},{""id"":62,""name"":""FIGURE OUT THE CALLIGRAPHY YOU'RE GOING TO MAKE"",""completed"":false},{""id"":63,""name"":""FIND THE PERFECT FRAME"",""completed"":false}]"
71.0,PHOTOGRAPHING THE SOUL,DJS: PHOTOGRAPHING THE SOUL,5.0,Wed Mar 04 2026 00:00:00 GMT+0000 (UTC+00:00),0,0,,10.0,PIĀNKY PICTURES,2026-03-04T13:13:15.877Z,,,"[{""id"":72,""name"":""FIGURE OUT LOGISTICS, BUDGET"",""completed"":false},{""id"":73,""name"":""FILM IT ON A WEEKEND OF MORE"",""completed"":false},{""id"":74,""name"":""THINK PIĀNKY PICTURES IN MIND"",""completed"":false}]"
82.0,ADD TO CALENDAR/TASK LIST / GROCERIES,,3.0,Sat Mar 07 2026 00:00:00 GMT+0000 (UTC+00:00),0,0,11.0,,2026-03-07T12:23:27.991Z,"[{""id"":83,""name"":""DEBT FOR ANOUAR"",""completed"":false},{""id"":84,""name"":""BUY COTTON"",""completed"":false},{""id"":85,""name"":""BUY COMPRESS"",""completed"":false},{""id"":86,""name"":""CHECK BACTOSPRAY PRICE"",""completed"":false},{""id"":87,""name"":""FIX DEBT AND FINANCIAL BUDDY"",""completed"":false},{""id"":88,""name"":""TAKE HIND'S FRAME"",""completed"":false},{""id"":89,""name"":""VITAMIN  D"",""completed"":false},{""id"":91,""name"":""WATCH CLARISSA'S FILM"",""completed"":false}]"
16.0,"READ, AND UNDERSTAND NUBIA/MUNICH LETTERS","HALFA, THE LOST PARADISE",3.0,Wed Mar 04 2026 00:00:00 GMT+0000 (UTC+00:00),0,0,12.0,2026-03-04T11:12:22.309Z,,,[]
13.0,CREATE A TRAILER,WATER FOR THE BIRDS,3.0,Wed Mar 04 2026 00:00:00 GMT+0000 (UTC+00:00),0,0,13.0,,2026-03-04T11:05:24.048Z,"[{""id"":14,""name"":""MAKE DECISION, IF IT'S YOU OR FIVER"",""completed"":false}]"
33.0,GYM MEMBERSHIP LIFE CHANGE,HEALTH MAINTENANCE,3.0,Wed Mar 25 2026 00:00:00 GMT+0100 (UTC+01:00),0,0,14.0,,2026-03-04T11:40:42.895Z,"[{""id"":34,""name"":""DECIDE WHICH GYM (NEAR WORK, OR NEAR HOME)"",""completed"":false},{""id"":35,""name"":""BUY NICE SPORT SHOES"",""completed"":false},{""id"":36,""name"":""FIGURE OUT HIGH CALORIE + HIGH PROTEIN + CREATINE SYSTEM"",""completed"":false}]"
50.0,REPLY TO KHALED AL-KHAWALDI,PERSONAL RELATIONSHIPS,3.0,Wed Mar 04 2026 00:00:00 GMT+0000 (UTC+00:00),0,0,15.0,,2026-03-04T12:04:14.245Z,"[{""id"":51,""name"":""WATCH HIS TRAILER"",""completed"":false}]"
,,,,,,,,,,,,
,,,,,,,,,,,
,,,,,,,,
